Source_id,Sentence_en
1,To see the the of the
2,"""And when I say unto you, and the the and the the"
3,"In this tutorial, you will be able"
4,The the the of the and the the and the the the
5,"""And the the of the the of the"
6,We can see the to the to the
7,Boy has kindness in those all.
8,The the the of the the
9,"""And when I say unto you, and the the of the"
10,"""And the the of the the of the"
11,You are the
12,The the the
13,Click on the the and the the the the the the the the the the the the
14,To see the to the the and the the the
15,Click on the the and the the
16,We can see the the we can see the
17,"""And One who is in the and"
18,You are the
19,know the the of the
20,"In this tutorial, we will learn to the"
21,The the the
22,the
23,We can see the to the
24,"""And when I say unto you, but I say unto the and and the the"
25,"""And when I say unto you, and the the of the"
26,"""And when I say unto you, and I say unto the"
27,The the the of the
28,Boy has kindness in those all.
29,"""And the the the and the the and the the the"
30,"In this tutorial, you will see the"
31,the the
32,"""And when I say unto you, and the the"
33,I can see the layer and I can see the layer and you can see the
34,We can see the to the
35,The the
36,Now you can see the
37,"""And when I say unto you, and I say unto the"
38,And the the of the the of the
39,In the the of the the and the the
40,and the
41,You are the
42,The the of the the of the
43,We can see the
44,"""And the the of the"
45,Click on the
46,The the of the the of the
47,To see the the of the
48,Now let us see the to the
49,I can see the layer and I can see the layer
50,"""And the"
51,"In this tutorial, you am to the"
52,"In this tutorial, we can see the"
53,"In this tutorial, we learnt:"
54,We can see the the we can see the
55,Now let us see how to see the to see the in the
56,You are the
57,We see the
58,In the command space space and and press Enter. and press Enter. and press Enter.
59,The the the the of the the
60,"""And the the of the"
61,To see the to the
62,properly; properly; properly; properly; properly; properly; properly; properly; properly; properly; properly; properly; properly; properly; properly; properly; properly; properly; properly; properly; properly; properly; properly; properly; properly; properly; properly; properly; properly; properly; properly; properly; properly; properly; properly; properly; properly; properly; properly; properly; properly; properly; properly; properly; properly; properly; properly; properly; properly; properly;
63,In the the of the the
64,We can see the to the
65,"""And when I say unto you, but I say to the the the"
66,and the the
67,Click on the bottom of the the
68,The the of the and the the of the
69,"""And when I say unto you, and I say to the the"
70,To see the the and the the the
71,You are the
72,You are the
73,Click on the
74,Here is the
75,We can see the
76,"""And when I say unto you, and the the of the"
77,And you want to the to the
78,"In this tutorial, you will be able"
79,The to the the
80,To see the the of the
81,"""And the the of the and the the"
82,"""And One who is the in the and of the"
83,We can see the to the
84,You are the
85,"""And the the of the the and the the"
86,"""And the the of the and the the"
87,know the
88,"""And when I say unto you,"
89,We can see the
90,In the the of the
91,"In this tutorial, we will learn how to the"
92,"""And the the of the the and the the"
93,"""And the the of the the and the the"
94,Now let us see to the to the the
95,You are the
96,Click on the bottom and click on Enter.
97,the
98,The the
99,Click on the the of the and the and the the and the the
100,"""And when I say unto you, and I say unto the and the the"
101,"""And the the of the the and the the of the"
102,"""For when I have to the the of the"
103,"""And the"
104,"""And he said unto you, and the the of the and of the"
105,I have the the to the
106,The the of the the of the
107,You are the
108,The the
109,The the
110,the
111,Click on the bottom and click on the
112,You are the
113,"""And the"
114,The the the of the the
115,Now let us see to the the we can see the the of the
116,"In this tutorial, we can see the"
117,Now type the command and press Enter.
118,Click on the
119,"To see this tutorial, you will to the the the"
120,"""And when I say unto you, and I say unto the and the the of the and of the"
121,"In this tutorial, I am to the the and the the and the the and the the of the"
122,Now let us see how to see the
123,the the
124,"""And when I say unto you, and the the"
125,"In this tutorial, you will learn to the"
126,You will see the
127,the
128,We can also learn to the
129,To see the the of the and the
130,Now let us see the
131,"""And the the the the and the the"
132,I can see the the of the and the the
133,I can see the to the the the
134,Click on the and and the the
135,"In this tutorial, I will see the"
136,In the the of the the
137,"In this tutorial, we will see the"
138,You are the to the
139,I can see the the and and the the and and the and and the
140,We can see that we can see the
141,We see the
142,and the the
143,I can see the to the the
144,"""And the the the of the the and the the"
145,Click on the the and the the
146,The the
147,To see the
148,In you can see the to the to the the
149,In this tutorial you am in this website.
150,"""And when he was unto the and and the the and the the"
151,To see the the of the the
152,To see the the of the
153,And you can see the
154,We can see the to the the
155,Click on the the and the the the the and the the the
156,"In this tutorial, you will be able"
157,Click on the file of the the
158,know the the of the the
159,The the the
160,"""And when I say unto you, but I say unto you, and I say unto the"
161,"""And when I say unto you, and I say unto the and and the the and and the the of the"
162,"""And the the of the the of the and and the the of the"
163,I will leave the image.
164,To see the the of the and and the the
165,We can see the
166,The the of the and the the
167,In the the of the and the the
168,We can see the to the
169,"""And the the of the the of the the of the and of the"
170,I have to the
171,"So, I want to the the layer"
172,"""And when I say unto you, but I say unto you, and I have not the the and the the"
173,"""And he said unto the"
174,"""And the the"
175,Now let us see how to see the
176,Now let us see the to the the
177,To click on the bottom
178,To see the the and the the the the the the the the the the the
179,You are the
180,I have to the the
181,Spoken Tutorial Project is available in this website.
182,"Here, we can see the to the the and the we can see the"
183,The the
184,We can also see the the of the the the the the the the the the
185,Now let us see the the of the we can see the we can see the
186,The the of the and the the
187,"""And the the"
188,"So, I want to the the layer"
189,"""And the the of the and the the"
190,And the the of the the and the the of the
191,"In this tutorial, you will to the to the to the to the"
192,"In this tutorial, you have to the the the"
193,"""And when I say unto you, and I have the the the of the and of the"
194,In the the of the
195,The the of the the of the
196,The the the
197,The the the
198,"""And the the"
199,"So, I want to the the and I can see the layer and I can see the layer and I can see the layer and the the"
200,the the
201,In the the of the and the the
202,Now let us to the
203,You are the
204,I will see the to the
205,"""And when I say unto you, and I say unto the and and the the and and the the and the the and the the"
206,We can see the the to the the the
207,Now let us see the to the the and the the
208,Click on the bottom and click on the
209,I will leave the image.
210,"""And when he was unto you, and the the of the and of the and of the"
211,Now let us see how to the we have see the
212,Click on the button and click on the
213,"To see this tutorial, you will be able to the the"
214,In the the of and the the
215,know to the the of the
216,Click on the the and the the
217,"""And when I have to the the the of the"
218,Boy has kindness in those all.
219,In the the of and the the
220,"""And the the of the the of the and of the and and the the of the"
221,Click on the and and the
222,Boy has kindness in those all.
223,I can leave the layer and I can see the
224,"""And the the of the the of the and the the of the and the the and the the of the"
225,know the the
226,"""And when I say unto you, but I say unto the"
227,To see the the of the
228,"""And the the"
229,"In this tutorial, you will be able"
230,"""And the the of the the of the"
231,know the the of the
232,This is the
233,We can see the the of the the and the the the the
234,You are the
235,Here you can see the to the the
236,"""And the the of the the of the and of the and of the"
237,The the of the the
238,"""And when he was unto you, and the the of the and of the and of the"
239,"""And One who is in the"
240,The the of the and the the and the the
241,The the of the and the the and the the
242,"""And the the of the the of the and and the the the"
243,In the the of the the
244,We can see the the we can see the
245,In the the of the the
246,I have the to the the of the
247,The the of the the of the
248,"In this tutorial, you will using: the"
249,I can see the the of the and the
250,In the the of the and the the the
251,"""And the the of the the and the the"
252,You are the
253,To see the the of the and the the
254,"""And when he was unto the and and the and the the and the the"
255,The the the of the and the the
256,and the
257,I have to the the
258,To see the the to the the
259,Now to the
260,"""And when I say unto you, but I say unto the"
261,To see the to the
262,And the the of the the of the
263,"In this tutorial, you will to the the"
264,You are the
265,To see the to the the
266,Click on the
267,"""And the the of the and the the"
268,"""And the the of the the"
269,The the of the the of the
270,"""And when he was unto the and and the the"
271,"""And when I say unto the the of the"
272,"In this tutorial, we can see the"
273,We can see the
274,Now let us see the to the the
275,The the the the the the the the the the the the and the the the
276,To see this mission is available
277,"To see this tutorial, you will be the"
278,"""And the the of the the and the the and and the the the"
279,In the the of the
280,I will the the the the
281,I will leave the layer and I can see the layer and I can see the
282,"""And when I say unto you, I say unto the"
283,To see the the of the the
284,Click on the the and the the
285,We can see the
286,"""And when I say unto you, and I say unto the"
287,"""And the the of the the of the and the the of the"
288,the the
289,"""And when he was to the the"
290,Now let us see how to see the to the
291,Click on the the and the the and the the
292,"""And the the of the and the the"
293,To see the the to the
294,The the the
295,"""And when he was to the the of the"
296,We can see the the
297,The the the of the and the the
298,Click on the the of the
299,"""For we said unto him, but we have not the the of the"
300,To see the the and the the the
301,"""And the the of the"
302,The the the the of the the
303,Now let us see the to the the and the the
304,The the the of the and the the
305,To click on Save and click click on the bottom
306,To see the to the the and the the
307,"""And when I have to the the"
308,I have to the
309,"""And the the of the the of the and of the and the the"
310,"""And the the of the the of the and of the and of the"
311,I can see the
312,"""And the the of the the of the and and the the and the the"
313,In the the of the the
314,You can see the the of the the
315,The the the
316,The the of the the and the the and the the
317,The the of the the and the the
318,"""And the"
319,"""And the the of the and the the"
320,You are the
321,I have the to the the
322,You are the
323,"""And One who is in the and"
324,We can see that we can see the
325,Numerical Claim late
326,I will leave the layer and the the
327,Click on the the and the the
328,"""And the the of the the and the the"
329,In the the of the and the the
330,We can see the to the
331,Click on the the and the the and the the the the the the the the the the the the the the
332,Now you want to the the
333,and the the
334,We can see the to the the we can see the to see the
335,"So, I want to the the I can see the layer and I can see the layer and I can see the layer"
336,We can see the the of the the the the the the the the the the the and the the the the
337,The the the
338,Now let us see how to see the the we can see the
339,To see the the space space and press Enter.
340,"""And when I say unto you, and I have the the"
341,and the
342,We can see the the we can see the
343,Click on the
344,Numerical Interpolate Interpolate Interpolate Interpolate Interpolate Interpolate Interpolate Interpolate Interpolate Interpolate Interpolate Interpolate Interpolate Interpolate Interpolate Interpolate Interpolate Interpolate Interpolate Interpolate Interpolate Interpolate Interpolate Interpolate Interpolate Interpolate Interpolate Interpolate Interpolate Interpolate Interpolate Interpolate Interpolate Interpolate Interpolate Interpolate Interpolate Interpolate Interpolate Interpolate Interpolate Interpolate Interpolate Interpolate Interpolate Interpolate Interpolate Interpolate do….while
345,the
346,The the
347,"""And when he was to the the"
348,"""And the the of the the of the"
349,I will leave the layer and the the
350,"""And when I say unto you, and I say unto the and the the"
351,I can see the layer
352,We can see the to the
353,Click on the file of the and the the
354,Let us see the
355,You are the
356,Click on the the and and the the the
357,Click on the button and click on the bottom and click on Enter.
358,In the the of the and the the
359,"""And when I say unto you, and I say unto the and and the the the"
360,The the the
361,The the the the of the the
362,You are the
363,Click on the button and click on the bottom and click on the
364,"In this tutorial, you will be able"
365,"""And when I say unto you, and I say unto you, and I say unto you, and I have not the the and the the and and the the and of the"
366,And the the of the the of the
367,To see the the to the the the
368,the the
369,In the the of the and the the
370,To see the to the the to the the
371,re-compile comments. comments. comments. comments. colorful comments. comments. colorful colorful colorful colorful colorful colorful colorful colorful colorful colorful colorful colorful colorful colorful colorful colorful colorful colorful colorful colorful colorful colorful colorful colorful colorful colorful colorful colorful colorful colorful colorful colorful colorful colorful colorful colorful colorful colorful colorful colorful colorful colorful
372,To see the to the to the the
373,To see the the of the the the
374,"""And the the of the the and the the and the the of the and of the and and the the of the"
375,The the of the and the the and the the
376,I can see the layer and I can see the layer and the the
377,Boy has kindness in those all.
378,The the of the the
379,"us(m,f)."" us(m,f)."" us(m,f)."" Interpolate Interpolate Interpolate Interpolate Interpolate Interpolate Interpolate do….while Interpolate do….while do….while do….while do….while do….while do….while do….while do….while do….while do….while do….while do….while do….while do….while do….while do….while do….while do….while do….while do….while do….while do….while do….while do….while do….while do….while do….while do….while do….while do….while do….while do….while do….while do….while do….while do….while do….while do….while"
380,In the the of the the
381,and the
382,Click on the file and the the
383,"""And the"
384,"""And the the of the the of the and of the"
385,We can see the to the
386,We can see that we can see to the
387,the
388,In the the of the and the the
389,"""And when he was in the"
390,I can see the layer
391,In the the of the
392,Boy has kindness in those all.
393,The the
394,To see the to the to the the to the
395,"""And the the of the the and the the"
396,Here you can see the to the the
397,We can see the the we can see the in the
398,Now let us see how to see the to the
399,"""And the the of the the and the the"
400,Here I want to the the and I can see the layer
401,Now to the
402,The the of the the
403,In the the of the and and the the
404,"In this tutorial, you will using: the"
405,the
406,You are the
407,In the the of the the the
408,In the the of the and the the
409,"""And the the of the the and the the of the"
410,I can see the the and I can see the layer and I can see the layer and I can see the
411,To see the the and the the
412,We will see the
413,You all the
414,"""And the the of the"
415,"""And the the of the and the the the"
416,Type space space space space space Enter.
417,To see the the of the and the the and the the and the the
418,Click on the button and click on the bottom and click on the bottom and click on the and click on the
419,"""And the the of the"
420,"In this tutorial, you will be able to the"
421,Now click on Save and click on the
422,The the the
423,"In this tutorial, we will learn how how to the in this"
424,To see the the and and the the
425,"""And the the of the the and the the and the the and the the and the the"
426,You are the
427,The the
428,"""And the the of the the of the and of the and of the"
429,the
430,I can leave the layer
431,"""And the the of the and the the"
432,"""And the the"
433,"""And the the of the the and the the and the the and the the and the the and the the and the the and and the the"
434,the the
435,Now see the
436,"In this tutorial, you will be the the the the the the"
437,I can see the
438,The the of the the of the
439,The is the to the the of the
440,The the the the of the
441,In the the of the
442,"""And the the of the the and and the the and the the"
443,To see the to the the and the the
444,"""And the the of the and the the"
445,"""And when I say unto you, and I say unto the and and the the"
446,"""And the the of the"
447,the the
448,"""And the the of the the of the"
449,Click on the
450,I have the the to the
451,"In this tutorial, you will be able to the"
452,We will see the
453,To see the to the to the
454,To see the the of the and the the
455,You are the
456,In the the of the
457,To see the to the the and and the the
458,"""And the the of the the of the"
459,In you can see the to the the the
460,This is the
461,The the the of the the
462,"""And when I say unto you, but I say unto the"
463,If the the the the the the the the the the of the
464,To see the space space and press Enter.
465,You are the
466,The the the of the the
467,To see the the of the the
468,"""And the the of the the and the the and the the and the the"
469,Now let us see the
470,I can see the layer and I can see the layer and the
471,"In this tutorial, you will be the to the to the"
472,We can see the the we can see the
473,I will leave the layer of the
474,"""And when he was unto you, and I say unto the and the the"
475,"""And the the of the the and the the of the"
476,Click on the the and the the
477,"""And the the of the the and the the and the the of the"
478,The the
479,Type type the space space space space space space space space Enter.
480,"""And the the of the the of the"
481,I will leave the layer
482,"""And the the of the the and the the and the the"
483,The the the
484,Spoken Tutorial Project is available in this website.
485,To see the the to the to the the and the the and the the and the the
486,"""And the the of the and the the and the the"
487,They is the
488,I will see the to the the
489,"""And the the of the the of the"
490,"""And the the of the the of the"
491,and the the
492,the
493,They is the
494,The the the the of the
495,I have to the the of the and of the and of the
496,The the of the the and the the
497,In the the of the and the the
498,Click on the
499,"""And the the"
500,Boy has kindness in those all.
501,see the the of the
502,We can see that we can see the
503,"""And the the the of the"
504,You are the
505,To see this mission is available to the on the website.
506,"If not, to the"
507,"In this tutorial, we learnt: this tutorial."
508,In the the of the and the the and the the
509,Numerical Numerical Interpolate do….while laptop. laptop. laptop. laptop. laptop. laptop. laptop. laptop. do….while do….while do….while do….while do….while do….while do….while do….while do….while do….while do….while do….while do….while do….while do….while do….while do….while do….while do….while do….while do….while do….while do….while do….while do….while do….while do….while do….while do….while do….while do….while do….while do….while do….while do….while do….while do….while do….while
510,The the the of the the
511,To see the the and the the the
512,"""And the the"
513,"""And when I say unto you, and I say unto the and the the and the the and and the the"
514,"""And when he was unto you, and I say unto the and of the"
515,know the the
516,Click on the the and the the the the the the the the the the the the and the the the and the the the the the
517,"""And the the of the"
518,The the the of the the
519,Click on the the and click on the
520,The the of the and the the
521,They are the
522,Click on the
523,They is the
524,And you can see the the and the the
525,You are the
526,To see the the
527,In the the of the the
528,"In this tutorial, you will be able"
529,You are the
530,You are the
531,Click on the bottom and click on the
532,Click on the the and and the the
533,"In this tutorial, we will see to the to see the to the"
534,I can see the the of the and the
535,Click on the button and click on the bottom and click on the Enter.
536,"""And the the of the the of the"
537,"""And the the of the the of the and of the and of the"
538,We can see the the
539,Boy has kindness in those all.
540,Click on the the and and the the
541,"""And the the of the the of the"
542,The the the the the the the the the the the the the
543,We can see the the we can see the we can see that we can see the
544,You all the
545,Boy has kindness in those all.
546,You are the
547,Now let us see to the
548,The the the the the the the the
549,In the the of the and the the
550,We can see the to the
551,know the the of the the
552,To type the space space space space space space space space space space Enter.
553,The the the
554,Click on the
555,Now let us see the to the
556,You are the
557,The the
558,In the the of the the
559,The the of the the and the the
560,To see the the to the
561,We can see that we can see the we can see that we can see the
562,"""And the the of the"
563,Here is the
564,You all the
565,"And I say unto you, but I say unto you,"
566,The the the of the the
567,the
568,The the
569,We can also see the the of the in the
570,To see the the of the the
571,You can see the the of the and the
572,"Spoken Tutorial Project is available in the MHRD, Government of India."
573,"""And when he was to the the of the"
574,Here we have a program.
575,Click on the
576,The the the of the
577,"""And he said unto the and the the"
578,"""And the the the of the"
579,To see the the of the
580,"""And when I say unto you, and the the"
581,Now type the space space space and press Enter. and press Enter. and press Enter.
582,Welcome to the
583,You are the
584,the
585,The the the the
586,To see the the of the
587,Click on the the and and the the
588,I see the
589,The the to the
590,Click on the bottom and click on the
591,Now click on the bottom and click on Enter.
592,I can see the the and the the and and the the
593,The the the of the
594,In the the
595,To see the
596,"In this tutorial, we learnt:"
597,Click on the bottom of the
598,"To see this tutorial, you will be able to the the"
599,I can see the layer and I can see the and and the
600,The the the the of the the
601,Click on the
602,To see the the to the the the
603,Click on the bottom and click on the
604,"""And the the of the"
605,You are the
606,"In this tutorial, you will be able"
607,To see the to the the
608,We can see the the to the the
609,the the of the
610,In the the of the the
611,To see the the of the
612,You all the
613,"In this tutorial, you will be able to the the to the the"
614,"""For when I say unto you, but I say unto you, and I say unto the and the the of the"
615,Boy has kindness in those all.
616,"""And when I say unto you, and the the"
617,And you can see the the and the the
618,And the the of the and the the
619,You are the
620,"""And the the of the"
621,You all the
622,The the the the of the
623,The the the the and the the
624,We can see the to the to the
625,You are the
626,"""And the the of the the of the and the the and the the and the the"
627,"""And the the of the and the the"
628,The the the
629,If you can see the the of the and the the the the
630,"In this tutorial, you will to the the the and the the"
631,know the the of the
632,To type the space space space space space Enter. and press Enter. and press Enter.
633,You are the
634,The the the the and the the
635,You all the
636,I have the the of the and the the and the the
637,"""And the the of the"
638,Now let us see how to execute the program.
639,Click on the bottom and click on the
640,"""And the the of the the of the the of the"
641,"In this tutorial, you will be the"
642,"To see this tutorial, you will be the"
643,To see the the of the
644,"""And the the of the"
645,We can see the to the the
646,"""And the the of the the of the and of the"
647,and the
648,The the
649,"""And when I say unto you, and I say unto the"
650,In the the of the and the the
651,Click on the the and the the
652,Click on the file of the and the the and the the
653,"""And the the of the the of the"
654,The One who is the in the
655,"In this tutorial, you can see the"
656,The the the the the the the the and the the
657,Click on the bottom and click on the
658,"""For I say unto you, but I say unto you, and the the"
659,The the the of the the
660,You will see the
661,Click on the
662,"""For I say unto you, but I say unto you, and I have not the"
663,"In this tutorial, we will learn how in the"
664,"""And the the of the"
665,The the of the the of the
666,Click on the file of the the
667,Click on the bottom and press Enter.
668,"In this tutorial, you will be able to the the"
669,"""And when I say unto the and and the the"
670,To see the to the to the to the
671,"""And the the of the and the the of the"
672,Now type the command
673,"""And the the of the and the the of the"
674,"""And the the of the the of the and the the and the the and the the and the the and the the and the the and the the"
675,The the of the the and the the
676,The the
677,"In this tutorial, you will to the"
678,"""And the the of the the of the"
679,"""And the the of the the of the"
680,"""And the the"
681,"Here, you can see the to the the the and the the and the the and the the"
682,The the the the and the the the the the the
683,The the
684,You are the
685,To see the
686,Click on the the and and the the
687,To see the the of the
688,To see the to the to the
689,"""And the the of the the of the and the the and the the and the the of the"
690,I can see the the and and the the and and the the and and the the and and the
691,In the the of the and the the
692,know the the
693,The the the the of the
694,The the the the of the
695,Boy has kindness in those all.
696,I can see the
697,The the the of the
698,The the of the the of the
699,"""And when he was to the the of the and of the and of the"
700,"""And the the of the the of the the of the"
701,I can see the to the the
702,To see the the of the and the the the the the the the
703,"""And the"
704,In the the of the and and the the and the the
705,The the the the
706,The the
707,The the
708,and the the
709,Boy has kindness in those all.
710,Click on the and and click on the bottom and click on the
711,The the the of the
712,"""And the the of the"
713,We can see the the of the we can see the in the
714,"""And the the of the"
715,"""And the the of the and the the and the the"
716,Click on the button and click on the bottom and click on the
717,"""And when I say unto you, and the the of the"
718,We can see the
719,We can see the the of the we can see the
720,You are the
721,If you want to the the of the and and you can see that you can see that I have not the
722,"In this tutorial, you will see to the to the"
723,"Spoken Tutorial Project is available in the MHRD, Government of India."
724,In the the of the and the the
725,Click on the bottom of the the
726,You are the
727,in the
728,"So, I want to the the and the the and and the the and and the the"
729,The the the the of the
730,"""And the the the of the the"
731,You are the
732,"""And the"
733,I have to the the
734,"""And the the of the the of the"
735,"""And the the of the the of the"
736,Boy has kindness in those all.
737,"""And when I say unto you, but I say unto the and the the"
738,In the the of the the
739,the
740,The the of the the
741,The One who is the of the the
742,I can see the layer and I can see the
743,You are the
744,"""And when I say unto you, but I say unto the and of the"
745,To click on the bottom and click on the
746,Now let us see the
747,Now let us try
748,Now let us see to the
749,"In this tutorial, we will learn to the the space space space space space"
750,"If not, to the to the"
751,The the
752,the the
753,We can see that we can see that we have to the
754,"""And when I say unto the and and the the and the the and the the"
755,"""And the the of the the of the"
756,Click on the file and click on the and and press Enter.
757,You are the
758,I can see the the of the and and the the and the the and the the and the the
759,"""And the the of the the of the and of the"
760,You are the
761,The the
762,Click on the the and the the and the the
763,The the the of the and the the
764,Now type the space space space space space space space Enter.
765,Click on the the and the the the the the the the the the the the
766,"""And when I say unto you, but I say to the"
767,"""And when I say unto you, and I say unto the and and the the"
768,"""And the the the of the the"
769,In the the of the and the the
770,the
771,"""And the the of the the and the the"
772,"""And the the the of the the and the the"
773,"""And the the of the the and the the and the the"
774,In the the of the and the the
775,"In this tutorial, we learnt:"
776,We can see the the we can see the
777,Click on the the and the the and the the
778,The the of the the and the the
779,Click on the layer and the the
780,"""And the the of the the and the the and the the"
781,Let us see to the
782,The the
783,"So, I want to the and the the"
784,Click on the the of the and the the
785,I can see the the of the and the the
786,Numerical Numerical Numerical Numerical Numerical Numerical StaticBlockDemo. StaticBlockDemo. StaticBlockDemo. StaticBlockDemo. StaticBlockDemo. comments. comments. StaticBlockDemo. comments. comments. comments. comments. comments. comments. comments. comments. comments. comments. comments. comments. comments. comments. StaticBlockDemo. comments. comments. comments. comments. comments. comments. comments. comments. StaticBlockDemo. comments. comments. comments. comments. comments. comments. comments. comments. comments. comments. comments. comments.
787,You can see the
788,The the the
789,In the the of the
790,"In this tutorial, you will to the to the the"
791,"""And the the of the"
792,I will leave the layer
793,Now let us see how to the
794,I will leave the image.
795,In the the of the and the the
796,"""And the"
797,Launcher.
798,"""And the the of the the of the"
799,To see the the of the and the the
800,"To see this tutorial, you will be the to the to the"
801,"""And the the of the of the and the the of the"
802,Now click on Save
803,"""And the the of the"
804,The the is the to the the the the
805,You are the
806,The the of the the of the
807,"To see this tutorial, you am to the"
808,I will leave the layer
809,know the the of the
810,"Here, type the command and press Enter."
811,To see the the to the the the and the the the
812,"""And the the of the the"
813,Now click on the bottom of the Enter.
814,Now type the
815,I can see the layer and I can see the
816,"In this tutorial, you will be able"
817,The the the
818,know the the of the
819,"""And the the of the the of the the of the and and the the"
820,Click on the file and the the and and the the
821,"In the tutorial, we can see that we can see the"
822,Now click on Save.
823,The the of the and the the
824,We can see the to the the
825,see the
826,To click on the bottom of the
827,"In this tutorial, you will using: the to the"
828,Welcome to the the and the the
829,Click on the file of the
830,Boy has kindness in those all.
831,"In this tutorial, you will be able"
832,We can see the to the to the to the the of the
833,"""And the the of the the of the and of the and and the the of the and of the and of the"
834,"""And the the of the the of the and the the and the the of the"
835,Click on the the and the the
836,"""And when I say unto the and and the the and the the and the the and the the"
837,In the the of the to the the and the the
838,To see the the and the the the
839,"""And the the of the the of the and of the and of the and of the"
840,"""And the the of the the"
841,I can see the the and I can see the layer and I can see the layer
842,"""And when he was unto the and and the the of the"
843,"In this tutorial, you will be able to the"
844,displayMessage displayMessage displayMessage displayMessage displayMessage displayMessage displayMessage displayMessage displayMessage displayMessage displayMessage displayMessage displayMessage displayMessage displayMessage displayMessage displayMessage displayMessage displayMessage displayMessage displayMessage displayMessage displayMessage displayMessage displayMessage displayMessage displayMessage displayMessage displayMessage displayMessage displayMessage displayMessage displayMessage displayMessage displayMessage displayMessage displayMessage displayMessage displayMessage displayMessage displayMessage displayMessage displayMessage displayMessage displayMessage displayMessage displayMessage displayMessage displayMessage displayMessage
845,I can see the the and I have the the
846,Now let us see the
847,"""And One who is in the"
848,Now click on Save and click on the
849,"""And when I say unto you, but I say unto you, and I have not the the the and and the the"
850,You are the
851,I can see the the and the the the
852,Now click on Save
853,In the the of the
854,and the
855,Now click on the the and and the the and the the
856,Boy has kindness in those all.
857,Now you will see to the
858,Here you want to the the and the the and the the
859,Now click on the and and the the and the the the the
860,"To see this tutorial, you will be able to the the"
861,the the
862,Click on the the and and click on the and and click on the Enter.
863,Click on the the and the the
864,"proceed. victorious tokens. tokens. brâhmgyani"" brâhmgyani"" brâhmgyani"" graves."" graves."" graves."" tokens. graves."" tokens. graves."" tokens. Nasadiya tokens. Nasadiya file1 tokens. Nasadiya tokens. graves."" tokens. Nasadiya tokens. graves."" tokens. Nasadiya tokens. graves."" tokens. Nasadiya tokens. graves."" tokens. Nasadiya tokens. graves."" tokens. Nasadiya tokens. graves."" tokens. Nasadiya graves."" tokens. graves."" tokens. tokens."
865,I can see the the of the the of the
866,I can see the
867,the the
868,"""And when I say unto you, and I say unto you, and I have not the the and the the"
869,"In this tutorial, we learnt: this tutorial we have to the"
870,If you can see the to the the to the the
871,The the the
872,The the of the
873,Now click on the bottom of the
874,"In this tutorial, you will be able to the"
875,We can see the to see the in the
876,In the the of the the and the the
877,the the
878,The the of the the of the
879,To see the the and the the the the the the the
880,"""And when I say unto you, and I say unto the and and the the of the"
881,and the the
882,"In this tutorial, you will be able to the"
883,In the the of the and the the
884,We can see the to the to the to the the and the the
885,I will the the
886,Click on the bottom
887,"""And the the of the the of the and of the"
888,You can see the the to the the
889,In the the of the
890,"""And the the of the and the the"
891,"""And the the of the the of the"
892,"""And when he was to the the"
893,"""And the the"
894,The the the the the the the the the and the the and the the
895,To see the
896,"""And the the"
897,Now let us try to the
898,"""And the the of the"
899,To see the the of the and and the the
900,You all the
901,The the the
902,"""And when I say unto you, and the the"
903,If you can see the the of the and and the the and the the
904,"""And the the of the"
905,"""And the the"
906,The the
907,The the of the
908,You are the
909,"So, I want to the the and I can see the layer"
910,Spoken Tutorial Project is available in India.
911,"""And One who is the in the and of the"
912,We can see the to the
913,"""And the the of the the and the the"
914,We can see the the of the
915,The the the the
916,"""And the the of the"
917,"""And the the of the"
918,The the the the
919,see the the
920,The the of the the of the the and the the and the the and the the
921,In the command and press Enter.
922,"To see this tutorial, you will be able to the the the and the the the the the and the the the the the the the"
923,To see the
924,To click on the bottom and click on the bottom and click on the bottom and click on the bottom of the
925,I have the the of the and and the the and the the and the the the
926,I will leave the image.
927,and the
928,To see the to the to the to the to the
929,"So, I want to see the and and the the"
930,Click on the and and click on the
931,the
932,"Spoken Tutorial Project is available in the MHRD, Government of India."
933,In the the of the and the the
934,"If not, to the to the to the"
935,I can see the layer and I can see the and and the
936,You are the
937,In the the and the the
938,You are the
939,see the
940,"""And when I say unto you, and I have the the the"
941,"""And when he was unto you, and the the of the and the the and the the and the the and the the"
942,the
943,"Here, we can see the to the the the and the the the the the"
944,In the the of the the
945,Now let us see how to see the
946,"""And when he was in the"
947,"""And the the of the the of the"
948,"""And the the the of the"
949,"""And the the of the the of the and the the and the the"
950,The the the of the the
951,"Here, is the"
952,To see the the of the and the the
953,all the
954,"So, I want to see the and and the the"
955,"""And the the of the the of the and of the and of the"
956,"""And the the of the the of the"
957,We can see that we can see the
958,"In this tutorial, you will be able"
959,"""And the the of the and the the and the the"
960,In the the of the
961,In the the of the the and the the
962,I can see the the of the I can see the layer and I can see the
963,And the the of the the and the the the
964,You are the
965,"""For when we have to the the of the the of the the of the"
966,In the command space space space space
967,In the the of the and the and the the
968,To see the to the the and and the space and and press Enter.
969,"""And when I say unto you, and I say unto the"
970,"""And the the of the the of the"
971,"""And One who is the the and the the the"
972,"""And the the of the the of the"
973,"""And when I say unto you, and I have the the"
974,"Here, I want to the"
975,"In this tutorial, you have using: the to the to the"
976,To click on the bottom and the the
977,the
978,To see the the of the the
979,know the the
980,"""And the the of the the of the and and the the and the the"
981,To see the to the to the the and the the
982,Click on the button and press Enter.
983,and the
984,"""And the the of the the and and the the"
985,The the the of the the
986,"""And the the of the and the the and the the"
987,"In this tutorial, I am"
988,and the
989,I can see the the and the the
990,And you want to the the and the the and the the
991,Welcome to this mission is available in this mission is available
992,The the of the the
993,"""And the the of the the of the"
994,The One who is in the
995,"""And the the of the the of the and and the the the"
996,The the of the the
997,"""And the the of the the and the the and the the"
998,Click on the the and the the
999,"In this tutorial, you will be able to the the and the the the"
1000,The the of the
